{
  "templates": [
    {
      "categoryType": "Local",
      "device": "pc",
      "imageUrl": "5cf8a178-ef61-4cb8-8899-c88f88873e20.jpg",
      "name": "模板1",
      "schemaJson": {
        "elements": [
          {
            "children": [
              {
                "children": [
                  {
                    "children": [],
                    "componentName": "Field",
                    "props": {
                      "title": "",
                      "type": "string",
                      "x-component": "Text",
                      "x-component-props": {
                        "content": "应用列表",
                        "style": {
                          "margin": "0px 0px 0px 16px"
                        }
                      },
                      "x-designable-id": "c4b85dlyhn3",
                      "x-index": 0,
                      "x-validator": []
                    }
                  }
                ],
                "componentName": "Field",
                "props": {
                  "title": "",
                  "type": "void",
                  "x-component": "PageContainer.PageTitle",
                  "x-component-props": {},
                  "x-designable-id": "axvxwww4rir",
                  "x-index": 0
                }
              },
              {
                "children": [
                  {
                    "children": [],
                    "componentName": "Field",
                    "props": {
                      "title": "Button",
                      "type": "void",
                      "x-component": "Button",
                      "x-component-props": {
                        "title": "$inline:{\"zh-CN\":\"导入应用\"}",
                        "type": "default"
                      },
                      "x-designable-id": "5ycoeeimwr0",
                      "x-index": 0
                    }
                  },
                  {
                    "children": [],
                    "componentName": "Field",
                    "props": {
                      "title": "Button",
                      "type": "void",
                      "x-component": "Button",
                      "x-component-props": {
                        "icon": {
                          "iconKey": "PlusOutlined"
                        },
                        "title": "$inline:{\"zh-CN\":\"新建应用\"}",
                        "type": "primary"
                      },
                      "x-designable-id": "1wokr7vwog1",
                      "x-index": 1
                    }
                  }
                ],
                "componentName": "Field",
                "props": {
                  "type": "void",
                  "x-component": "PageContainer.HeaderActions",
                  "x-component-props": {},
                  "x-designable-id": "e62cj2zuj4a",
                  "x-index": 1
                }
              },
              {
                "children": [],
                "componentName": "Field",
                "props": {
                  "type": "void",
                  "x-component": "PageContainer.HeaderContent",
                  "x-component-props": {
                    "gridSpan": 18
                  },
                  "x-designable-id": "aag6n692g2v",
                  "x-index": 2
                }
              },
              {
                "children": [],
                "componentName": "Field",
                "props": {
                  "type": "void",
                  "x-component": "PageContainer.HeaderContentExtra",
                  "x-component-props": {
                    "gridSpan": 6
                  },
                  "x-designable-id": "e6hvk3wxwoo",
                  "x-index": 3
                }
              },
              {
                "children": [],
                "componentName": "Field",
                "props": {
                  "type": "void",
                  "x-component": "PageContainer.TabPanel",
                  "x-component-props": {
                    "title": "Unnamed title"
                  },
                  "x-designable-id": "6tx51qta6dg",
                  "x-index": 4
                }
              },
              {
                "children": [],
                "componentName": "Field",
                "props": {
                  "title": "",
                  "type": "void",
                  "x-component": "PageContainer.FooterToolbar",
                  "x-component-props": {},
                  "x-designable-id": "srk7o6gchto",
                  "x-index": 5
                }
              },
              {
                "children": [
                  {
                    "children": [
                      {
                        "children": [],
                        "componentName": "Field",
                        "props": {
                          "title": "",
                          "type": "string",
                          "x-component": "SearchInput",
                          "x-component-props": {
                            "isFuzzy": true,
                            "onSearch": [
                              {
                                "actionType": "SubmitSearch",
                                "payload": {},
                                "title": "提交查询",
                                "uuid": "bff11c8b-200a-49d8-9640-abb685e38061"
                              }
                            ],
                            "searchStyle": true,
                            "style": {
                              "width": "300px"
                            }
                          },
                          "x-decorator": "FormItem",
                          "x-designable-id": "d0opo9u83yq",
                          "x-index": 0
                        }
                      }
                    ],
                    "componentName": "Field",
                    "props": {
                      "title": "",
                      "type": "object",
                      "x-component": "GridList.Header",
                      "x-component-props": {},
                      "x-designable-id": "pz9s5fhj7x7",
                      "x-index": 0
                    }
                  },
                  {
                    "children": [
                      {
                        "children": [
                          {
                            "children": [
                              {
                                "children": [],
                                "componentName": "Field",
                                "props": {
                                  "name": "imageUrl",
                                  "title": "imageUrl",
                                  "type": "string",
                                  "x-component": "Image",
                                  "x-component-props": {},
                                  "x-designable-id": "bqi5qw8cyov",
                                  "x-index": 0,
                                  "x-validator": []
                                }
                              }
                            ],
                            "componentName": "Field",
                            "props": {
                              "title": "",
                              "type": "void",
                              "x-component": "Box",
                              "x-component-props": {
                                "cursor": "pointer",
                                "style": {
                                  "alignItems": "center",
                                  "display": "flex",
                                  "padding": "0px 0px 0px 0px",
                                  "width": "100%"
                                }
                              },
                              "x-designable-id": "jp66j45w37p",
                              "x-index": 0
                            }
                          },
                          {
                            "children": [
                              {
                                "children": [],
                                "componentName": "Field",
                                "props": {
                                  "name": "title",
                                  "title": "title",
                                  "type": "string",
                                  "x-component": "Text",
                                  "x-component-props": {
                                    "style": {
                                      "fontSize": "16px",
                                      "fontWeight": 500
                                    }
                                  },
                                  "x-designable-id": "ozi4vc6la8a",
                                  "x-index": 0,
                                  "x-validator": []
                                }
                              }
                            ],
                            "componentName": "Field",
                            "props": {
                              "title": "",
                              "type": "void",
                              "x-component": "Box",
                              "x-component-props": {
                                "style": {
                                  "alignItems": "center",
                                  "display": "flex",
                                  "padding": "8px 8px 8px 8px",
                                  "width": "100%"
                                }
                              },
                              "x-designable-id": "w854ybey49d",
                              "x-index": 1
                            }
                          },
                          {
                            "children": [
                              {
                                "children": [
                                  {
                                    "children": [],
                                    "componentName": "Field",
                                    "props": {
                                      "title": "Button",
                                      "type": "void",
                                      "x-component": "Button",
                                      "x-component-props": {
                                        "icon": {
                                          "iconKey": "SendOutlined"
                                        },
                                        "shape": "circle",
                                        "title": "",
                                        "type": "text"
                                      },
                                      "x-designable-id": "lnmytbejbna",
                                      "x-index": 0
                                    }
                                  }
                                ],
                                "componentName": "Field",
                                "props": {
                                  "title": "",
                                  "type": "void",
                                  "x-component": "Space",
                                  "x-component-props": {},
                                  "x-designable-id": "fc38sw2tbqd",
                                  "x-index": 0
                                }
                              },
                              {
                                "children": [
                                  {
                                    "children": [],
                                    "componentName": "Field",
                                    "props": {
                                      "title": "Button",
                                      "type": "void",
                                      "x-component": "Button",
                                      "x-component-props": {
                                        "icon": {
                                          "iconKey": "FormOutlined"
                                        },
                                        "shape": "circle",
                                        "title": "",
                                        "type": "text"
                                      },
                                      "x-designable-id": "8iuqetmed9r",
                                      "x-index": 0
                                    }
                                  },
                                  {
                                    "children": [
                                      {
                                        "children": [],
                                        "componentName": "Field",
                                        "props": {
                                          "title": "",
                                          "type": "void",
                                          "x-component": "DropdownMenu.Item",
                                          "x-component-props": {
                                            "icon": {
                                              "iconKey": "SettingOutlined"
                                            },
                                            "title": "$inline:{\"zh-CN\":\"设置\"}"
                                          },
                                          "x-designable-id": "lp5g0rih5ul",
                                          "x-index": 0
                                        }
                                      },
                                      {
                                        "children": [],
                                        "componentName": "Field",
                                        "props": {
                                          "title": "",
                                          "type": "void",
                                          "x-component": "DropdownMenu.Item",
                                          "x-component-props": {
                                            "icon": {
                                              "iconKey": "DeleteOutlined"
                                            },
                                            "title": "$inline:{\"zh-CN\":\"删除\"}"
                                          },
                                          "x-designable-id": "dtu5a62lzva",
                                          "x-index": 1
                                        }
                                      }
                                    ],
                                    "componentName": "Field",
                                    "props": {
                                      "title": "",
                                      "type": "void",
                                      "x-component": "DropdownMenu",
                                      "x-component-props": {
                                        "icon": {
                                          "iconKey": "MoreOutlined"
                                        },
                                        "placement": "bottomLeft",
                                        "shape": "circle",
                                        "showDropdownIcon": false,
                                        "title": "",
                                        "trigger": [
                                          "click"
                                        ],
                                        "type": "text"
                                      },
                                      "x-designable-id": "pmvdopiryk2",
                                      "x-index": 1
                                    }
                                  }
                                ],
                                "componentName": "Field",
                                "props": {
                                  "title": "",
                                  "type": "void",
                                  "x-component": "Space",
                                  "x-component-props": {},
                                  "x-designable-id": "vrmhykxqkpz",
                                  "x-index": 1
                                }
                              }
                            ],
                            "componentName": "Field",
                            "props": {
                              "title": "",
                              "type": "void",
                              "x-component": "Box",
                              "x-component-props": {
                                "style": {
                                  "alignItems": "center",
                                  "display": "flex",
                                  "justifyContent": "space-between",
                                  "padding": "8px 8px 8px 8px",
                                  "width": "100%"
                                }
                              },
                              "x-designable-id": "5vem37ehoc8",
                              "x-index": 2
                            }
                          }
                        ],
                        "componentName": "Field",
                        "props": {
                          "name": "",
                          "title": "",
                          "type": "void",
                          "x-component": "Box",
                          "x-component-props": {
                            "style": {
                              "alignItems": "center",
                              "backgroundColor": "rgba(255,255,255,1)",
                              "borderColor": "rgba(209,208,210,1)",
                              "borderRadius": "8px 8px 8px 8px",
                              "borderStyle": "solid",
                              "borderWidth": "1px",
                              "display": "flex",
                              "flexDirection": "column",
                              "padding": "0px 0px 0px 0px",
                              "width": "100%"
                            }
                          },
                          "x-designable-id": "g3i16a2y5tb",
                          "x-index": 0
                        }
                      }
                    ],
                    "componentName": "Field",
                    "props": {
                      "title": "",
                      "type": "array",
                      "x-component": "GridList.Body",
                      "x-component-props": {
                        "grid": {
                          "column": 4
                        }
                      },
                      "x-designable-id": "ldrtm89s2pj",
                      "x-index": 1
                    }
                  }
                ],
                "componentName": "Field",
                "props": {
                  "title": "",
                  "type": "void",
                  "x-component": "GridList",
                  "x-component-props": {
                    "hasHeader": true,
                    "hasPagination": true
                  },
                  "x-designable-id": "aog5u3bpoba",
                  "x-index": 6
                }
              }
            ],
            "componentName": "Field",
            "props": {
              "title": "",
              "type": "void",
              "x-component": "PageContainer",
              "x-component-props": {
                "hasActions": true,
                "hasBreadcrumb": false,
                "hasFooterToolbar": false,
                "hasGobackButton": false,
                "hasHeaderContent": false,
                "hasHeaderContentExtra": false,
                "hasTabs": false
              },
              "x-designable-id": "h4vf6oi3vry",
              "x-index": 0
            }
          }
        ]
      },
      "templateType": "Page"
    },
    {
      "categoryType": "Local",
      "device": "pc",
      "imageUrl": "99abace6-84f1-4cb4-b87e-70db2ab142f9.jpg",
      "name": "$inline:{\"zh-CN\":\"就哈哈\"}",
      "schemaJson": {
        "elements": [
          {
            "children": [
              {
                "children": [
                  {
                    "children": [],
                    "componentName": "Field",
                    "props": {
                      "title": "",
                      "type": "string",
                      "x-component": "Text",
                      "x-component-props": {
                        "content": "应用列表",
                        "style": {
                          "margin": "0px 0px 0px 16px"
                        }
                      },
                      "x-designable-id": "c4b85dlyhn3",
                      "x-index": 0,
                      "x-validator": []
                    }
                  }
                ],
                "componentName": "Field",
                "props": {
                  "title": "",
                  "type": "void",
                  "x-component": "PageContainer.PageTitle",
                  "x-component-props": {},
                  "x-designable-id": "axvxwww4rir",
                  "x-index": 0
                }
              },
              {
                "children": [
                  {
                    "children": [],
                    "componentName": "Field",
                    "props": {
                      "title": "Button",
                      "type": "void",
                      "x-component": "Button",
                      "x-component-props": {
                        "title": "$inline:{\"zh-CN\":\"导入应用\"}",
                        "type": "default"
                      },
                      "x-designable-id": "5ycoeeimwr0",
                      "x-index": 0
                    }
                  },
                  {
                    "children": [],
                    "componentName": "Field",
                    "props": {
                      "title": "Button",
                      "type": "void",
                      "x-component": "Button",
                      "x-component-props": {
                        "icon": {
                          "iconKey": "PlusOutlined"
                        },
                        "title": "$inline:{\"zh-CN\":\"新建应用\"}",
                        "type": "primary"
                      },
                      "x-designable-id": "1wokr7vwog1",
                      "x-index": 1
                    }
                  }
                ],
                "componentName": "Field",
                "props": {
                  "type": "void",
                  "x-component": "PageContainer.HeaderActions",
                  "x-component-props": {},
                  "x-designable-id": "e62cj2zuj4a",
                  "x-index": 1
                }
              },
              {
                "children": [],
                "componentName": "Field",
                "props": {
                  "type": "void",
                  "x-component": "PageContainer.HeaderContent",
                  "x-component-props": {
                    "gridSpan": 18
                  },
                  "x-designable-id": "aag6n692g2v",
                  "x-index": 2
                }
              },
              {
                "children": [],
                "componentName": "Field",
                "props": {
                  "type": "void",
                  "x-component": "PageContainer.HeaderContentExtra",
                  "x-component-props": {
                    "gridSpan": 6
                  },
                  "x-designable-id": "e6hvk3wxwoo",
                  "x-index": 3
                }
              },
              {
                "children": [],
                "componentName": "Field",
                "props": {
                  "type": "void",
                  "x-component": "PageContainer.TabPanel",
                  "x-component-props": {
                    "title": "Unnamed title"
                  },
                  "x-designable-id": "6tx51qta6dg",
                  "x-index": 4
                }
              },
              {
                "children": [],
                "componentName": "Field",
                "props": {
                  "title": "",
                  "type": "void",
                  "x-component": "PageContainer.FooterToolbar",
                  "x-component-props": {},
                  "x-designable-id": "srk7o6gchto",
                  "x-index": 5
                }
              },
              {
                "children": [
                  {
                    "children": [
                      {
                        "children": [],
                        "componentName": "Field",
                        "props": {
                          "title": "",
                          "type": "string",
                          "x-component": "SearchInput",
                          "x-component-props": {
                            "isFuzzy": true,
                            "searchStyle": true,
                            "style": {
                              "width": "300px"
                            }
                          },
                          "x-decorator": "FormItem",
                          "x-designable-id": "d0opo9u83yq",
                          "x-index": 0
                        }
                      }
                    ],
                    "componentName": "Field",
                    "props": {
                      "title": "",
                      "type": "object",
                      "x-component": "GridList.Header",
                      "x-component-props": {},
                      "x-designable-id": "pz9s5fhj7x7",
                      "x-index": 0
                    }
                  },
                  {
                    "children": [
                      {
                        "children": [
                          {
                            "children": [
                              {
                                "children": [],
                                "componentName": "Field",
                                "props": {
                                  "name": "imageUrl",
                                  "title": "imageUrl",
                                  "type": "string",
                                  "x-component": "Image",
                                  "x-component-props": {},
                                  "x-designable-id": "bqi5qw8cyov",
                                  "x-index": 0,
                                  "x-validator": []
                                }
                              }
                            ],
                            "componentName": "Field",
                            "props": {
                              "title": "",
                              "type": "void",
                              "x-component": "Box",
                              "x-component-props": {
                                "cursor": "pointer",
                                "style": {
                                  "alignItems": "center",
                                  "display": "flex",
                                  "padding": "0px 0px 0px 0px",
                                  "width": "100%"
                                }
                              },
                              "x-designable-id": "jp66j45w37p",
                              "x-index": 0
                            }
                          },
                          {
                            "children": [
                              {
                                "children": [],
                                "componentName": "Field",
                                "props": {
                                  "name": "title",
                                  "title": "title",
                                  "type": "string",
                                  "x-component": "Text",
                                  "x-component-props": {
                                    "style": {
                                      "fontSize": "16px",
                                      "fontWeight": 500
                                    }
                                  },
                                  "x-designable-id": "ozi4vc6la8a",
                                  "x-index": 0,
                                  "x-validator": []
                                }
                              }
                            ],
                            "componentName": "Field",
                            "props": {
                              "title": "",
                              "type": "void",
                              "x-component": "Box",
                              "x-component-props": {
                                "style": {
                                  "alignItems": "center",
                                  "display": "flex",
                                  "padding": "8px 8px 8px 8px",
                                  "width": "100%"
                                }
                              },
                              "x-designable-id": "w854ybey49d",
                              "x-index": 1
                            }
                          },
                          {
                            "children": [
                              {
                                "children": [
                                  {
                                    "children": [],
                                    "componentName": "Field",
                                    "props": {
                                      "title": "Button",
                                      "type": "void",
                                      "x-component": "Button",
                                      "x-component-props": {
                                        "icon": {
                                          "iconKey": "SendOutlined"
                                        },
                                        "shape": "circle",
                                        "title": "",
                                        "type": "text"
                                      },
                                      "x-designable-id": "lnmytbejbna",
                                      "x-index": 0
                                    }
                                  }
                                ],
                                "componentName": "Field",
                                "props": {
                                  "title": "",
                                  "type": "void",
                                  "x-component": "Space",
                                  "x-component-props": {},
                                  "x-designable-id": "fc38sw2tbqd",
                                  "x-index": 0
                                }
                              },
                              {
                                "children": [
                                  {
                                    "children": [],
                                    "componentName": "Field",
                                    "props": {
                                      "title": "Button",
                                      "type": "void",
                                      "x-component": "Button",
                                      "x-component-props": {
                                        "icon": {
                                          "iconKey": "FormOutlined"
                                        },
                                        "shape": "circle",
                                        "title": "",
                                        "type": "text"
                                      },
                                      "x-designable-id": "8iuqetmed9r",
                                      "x-index": 0
                                    }
                                  },
                                  {
                                    "children": [
                                      {
                                        "children": [],
                                        "componentName": "Field",
                                        "props": {
                                          "title": "",
                                          "type": "void",
                                          "x-component": "DropdownMenu.Item",
                                          "x-component-props": {
                                            "icon": {
                                              "iconKey": "SettingOutlined"
                                            },
                                            "title": "$inline:{\"zh-CN\":\"设置\"}"
                                          },
                                          "x-designable-id": "lp5g0rih5ul",
                                          "x-index": 0
                                        }
                                      },
                                      {
                                        "children": [],
                                        "componentName": "Field",
                                        "props": {
                                          "title": "",
                                          "type": "void",
                                          "x-component": "DropdownMenu.Item",
                                          "x-component-props": {
                                            "icon": {
                                              "iconKey": "DeleteOutlined"
                                            },
                                            "title": "$inline:{\"zh-CN\":\"删除\"}"
                                          },
                                          "x-designable-id": "dtu5a62lzva",
                                          "x-index": 1
                                        }
                                      }
                                    ],
                                    "componentName": "Field",
                                    "props": {
                                      "title": "",
                                      "type": "void",
                                      "x-component": "DropdownMenu",
                                      "x-component-props": {
                                        "icon": {
                                          "iconKey": "MoreOutlined"
                                        },
                                        "placement": "bottomLeft",
                                        "shape": "circle",
                                        "showDropdownIcon": false,
                                        "title": "",
                                        "trigger": [
                                          "click"
                                        ],
                                        "type": "text"
                                      },
                                      "x-designable-id": "pmvdopiryk2",
                                      "x-index": 1
                                    }
                                  }
                                ],
                                "componentName": "Field",
                                "props": {
                                  "title": "",
                                  "type": "void",
                                  "x-component": "Space",
                                  "x-component-props": {},
                                  "x-designable-id": "vrmhykxqkpz",
                                  "x-index": 1
                                }
                              }
                            ],
                            "componentName": "Field",
                            "props": {
                              "title": "",
                              "type": "void",
                              "x-component": "Box",
                              "x-component-props": {
                                "style": {
                                  "alignItems": "center",
                                  "display": "flex",
                                  "justifyContent": "space-between",
                                  "padding": "8px 8px 8px 8px",
                                  "width": "100%"
                                }
                              },
                              "x-designable-id": "5vem37ehoc8",
                              "x-index": 2
                            }
                          }
                        ],
                        "componentName": "Field",
                        "props": {
                          "name": "",
                          "title": "",
                          "type": "void",
                          "x-component": "Box",
                          "x-component-props": {
                            "style": {
                              "alignItems": "center",
                              "backgroundColor": "rgba(255,255,255,1)",
                              "borderColor": "rgba(209,208,210,1)",
                              "borderRadius": "8px 8px 8px 8px",
                              "borderStyle": "solid",
                              "borderWidth": "1px",
                              "display": "flex",
                              "flexDirection": "column",
                              "padding": "0px 0px 0px 0px",
                              "width": "100%"
                            }
                          },
                          "x-designable-id": "g3i16a2y5tb",
                          "x-index": 0
                        }
                      }
                    ],
                    "componentName": "Field",
                    "props": {
                      "title": "",
                      "type": "array",
                      "x-component": "GridList.Body",
                      "x-component-props": {
                        "grid": {
                          "column": 4
                        }
                      },
                      "x-designable-id": "ldrtm89s2pj",
                      "x-index": 1
                    }
                  }
                ],
                "componentName": "Field",
                "props": {
                  "title": "",
                  "type": "void",
                  "x-component": "GridList",
                  "x-component-props": {
                    "hasHeader": true,
                    "hasPagination": true
                  },
                  "x-designable-id": "aog5u3bpoba",
                  "x-index": 6
                }
              }
            ],
            "componentName": "Field",
            "props": {
              "title": "",
              "type": "void",
              "x-component": "PageContainer",
              "x-component-props": {
                "hasActions": true,
                "hasBreadcrumb": false,
                "hasFooterToolbar": false,
                "hasGobackButton": false,
                "hasHeaderContent": false,
                "hasHeaderContentExtra": false,
                "hasTabs": false
              },
              "x-designable-id": "h4vf6oi3vry",
              "x-index": 0
            }
          }
        ]
      },
      "templateType": "Page"
    }
  ]
}